order_id,order_date,region,channel,customer_segment,product_category,units_sold,revenue,cost,discount_pct,returned
ORD-1001,2026-01-03,West,Online,SMB,Software,3,1290,420,5,false
ORD-1002,2026-01-04,East,Partner,Enterprise,Hardware,8,3840,2600,10,false
ORD-1003,2026-01-05,South,Online,Consumer,Accessories,4,320,120,0,false
ORD-1004,2026-01-07,West,Direct,Enterprise,Software,6,3600,1080,8,false
ORD-1005,2026-01-08,North,Online,SMB,Services,2,900,300,0,true
ORD-1006,2026-01-11,East,Direct,SMB,Software,5,2250,750,6,false
ORD-1007,2026-01-12,West,Partner,Consumer,Accessories,9,720,270,12,false
ORD-1008,2026-01-15,South,Direct,Enterprise,Services,7,4200,1750,4,false
ORD-1009,2026-01-17,North,Online,Consumer,Hardware,1,480,330,0,false
ORD-1010,2026-01-20,West,Online,SMB,Software,4,1800,600,5,false
ORD-1011,2026-01-22,East,Partner,Enterprise,Services,3,2400,900,15,false
ORD-1012,2026-01-23,South,Online,SMB,Accessories,10,760,300,10,true
ORD-1013,2026-01-25,North,Direct,Enterprise,Software,2,1500,480,0,false
ORD-1014,2026-01-28,West,Direct,Consumer,Hardware,5,2200,1450,7,false
ORD-1015,2026-01-30,East,Online,SMB,Services,4,1600,640,3,false
ORD-1016,2026-02-02,South,Partner,Enterprise,Software,7,4550,1470,9,false
ORD-1017,2026-02-05,North,Online,Consumer,Accessories,6,420,180,0,false
ORD-1018,2026-02-07,West,Partner,SMB,Hardware,3,1350,930,6,true
ORD-1019,2026-02-10,East,Direct,Enterprise,Software,9,5850,1890,11,false
ORD-1020,2026-02-13,South,Online,Consumer,Services,2,740,260,0,false
